url,label
https://www.drive.google.com,0
www.gmail.google.com,0
http://facebook.com,0
https://yahoo.com,0
001web.net,1
005mall.com,1
0dese-mi.com,1
0j9.ru,1
0l6.ru,1
0o3lsk3g.biz,1
0p7.ru,1
0s7.ru,1
0s8.ru,1
0w7.ru,1
0yq.ru,1
0yr.ru,1
0yw.ru,1
0zw.ru,1
100cigs.com,1
107.21.18.76,1
108.167.136.143,1
108.167.155.37,1
108.178.59.6,1
108.60.141.41,1
109.235.148.137,1
konin-todoke.com,0
kupiskidku.com,0
postallads4free.com,0
easyvols.fr,0
youtrend.it,0
lamabpo.lt,0
dekorat-reda.pl,0
bridecity.ru,0
allied-associates.co.uk,0
lidl-kochzauber.de,0
airitaly.it,0
racefans.ru,0
kiss.ac,0
afence.com,0
katiebrown.com,0
rosasensat.org,0
hostease.com,0
syd369.com,0
lansi-uusimaa.fi,0
bancheimprese.it,0
mkarapuz.com.ua,0
amitinfoservice.com,0
ebkxsvansudkoq.click/upload/_dispatch.php,1
mphtadhci5mrdlju.onion.to/,1
mphtadhci5mrdlju.tor2web.org/,1
178.78.87.8/spyra2,1
300tomoli.it/39w23pk,1
51939812.de.strato-hosting.eu/o8n8b,1
83.235.64.44/~typecent/roed9,1
aberfoyledental.ca/97q0eu,1
alexiedb.home.ro/zrb7z,1
adsnight.com/page8r,1
blanquerna.eresmas.net/z5yvl,1
bbvogliadimare.it/4vrl8j,1
callatisinstitut.fr/fytdty8o,1
desres.net/881ux1p,1
ebnmp.com/htxmd,1
exclusive-closet.com/wqcs8fk,1
edelweiss-secretariat.com/jiojyvrf,1
flaglerpower.com/dft1ryn7,1
fabricbuild.com/jiq6jv,1
ilbalconcino2011.it/2st9pai8,1
idd00dnu.eresmas.net/sz7o77m,1
lerens.com/9i9gk7,1
sfabinc.com/advvll,1
seroca.com/8f72pw,1
sichenia.omniadvert.it/7xxsn8,1
shintyaku.ame-zaiku.com/zjg39kpn,1
strstudio.pl/iloss7m,1
sturminvestigations.com/9dg4z9,1
uitindrachten.nl/a55fgn8,1
tabskillersmachine.com/ajn1lz,1
www.digi9.in/vx9x9,1
vanmeerendonk.eu/lbkzg,1
www.guapaweb.jazztel.es/o54b6,1
www.rgtalp14.it/jsao6f,1
www.italius.com/ph18xm0,1
zckupila.republika.pl/xr1zutd,1
www.vedasrestaurant.com/tv3mmzc,1
5.187.0.137/upload/_dispatch.php,1
77.222.54.202/upload/_dispatch.php,1
185.118.66.83/upload/_dispatch.php,1
176.111.63.51/upload/_dispatch.php,1
185.5.250.135/upload/_dispatch.php,1
bgwgoeisyddemxgmy.work/upload/_dispatch.php,1
jbrktqnxklmuf.info/upload/_dispatch.php,1
louisvuittonoutletbox.com,0
doodle.ch,0
majorityrights.com,0
l2native.eu,0
costsofwar.org,0
jezykangielski.org,0
capbreton-tourisme.com,0
tadalafil-20mgbuy.mobi,0
cjspl.com,0
apopo.org,0
mitsumi.com,0
wbu.edu,0
amazonrobotics.com,0
seedstarsworld.com,0
forests.org,0
umuzi.org,0
ristopizzajunior.pl,0
6ie6.com,0
joehewitt.com,0
openbuildings.com,0
iho.int,0
firstscience.com,0
shotblogs.com,0
3sat.de,0
nexusmods.com,0
bbcamerica.com,0
uoc.edu,0
xilinx.com,0
interviewmagazine.com,0
douyu.com,0
bigfishgames.com,0
denic.de,0
miaopai.com,0
asda.com,0
jevents.net,0
fancy.com,0
parisinfo.com,0
niedersachsen.de,0
guns.ru,0
template-help.com,0
isaca.org,0
urgent-essay.com,0
weblogs.com,0
juiciooral.mx,0
kataweb.it,0
design-milk.com,0
holland.com,0
cftc.gov,0
geograph.org.uk,0
theledger.com,0
nrc.gov,0
kubik-rubik.de,0
googleplus.com,0
stuttgarter-zeitung.de,0
zcool.com.cn,0
fanniemae.com,0
trib.com,0
bbk.ac.uk,0
groundreport.com,0
uvigo.es,0
network54.com,0
guardianlv.com,0
isohunt.com,0
news4jax.com,0
howard.edu,0
phplist.com,0
washtimes.com,0
cialisvipsale.com,0
cakephp.org,0
gosuslugi.ru,0
boody.ru,0
natgeotv.com,0
chick-fil-a.com,0
chubb.com,0
hemmings.com,0
globalfarmerssolutions.com,0
triplepundit.com,0
aflcio.org,0
publicdomainpictures.net,0
caixa.gov.br,0
convinceandconvert.com,0
gvsu.edu,0
waitbutwhy.com,0
ipernity.com,0
tinkercad.com,0
ul.to,0
realtown.com,0
prb.org,0
66wz.com,0
freddiemac.com,0
alibris.com,0
openload.co,0
solidworks.com,0
tinypng.com,0
ferragamo.com,0
mmu.ac.uk,0
marketingcharts.com,0
w3techs.com,0
thehollywoodgossip.com,0
zipcar.com,0
skepticalscience.com,0
firstcoastnews.com,0
chegg.com,0
bligoo.com,0
twit.tv,0
accaglobal.com,0
red-bean.com,0
guttmacher.org,0
petco.com,0
transip.nl,0
kaercher.com,0
skepdic.com,0
unitn.it,0
kyoto.jp,0
salford.ac.uk,0
720yun.com,0
wechat.com,0
jci.org,0
uni-kassel.de,0
opensource.com,0
doctissimo.fr,0
privacymark.jp,0
cyclingnews.com,0
yaplakal.com,0
redcrossblood.org,0
mb.com.ph,0
netdoctor.co.uk,0
cnpc.com.cn,0
modernmedicine.com,0
jiaodong.net,0
online-casino.party,0
correios.com.br,0
catholicnewsagency.com,0
challenges.fr,0
allyes.com,0
gonzaga.edu,0
oaic.gov.au,0
business-opportunities.biz,0
sut.ac.th,0
darwinawards.com,0
rubyforge.org,0
vpro.nl,0
journalnow.com,0
glitter-graphics.com,0
vuze.com,0
itgo.com,0
jetro.go.jp,0
failblog.org,0
momtastic.com,0
telecinco.es,0
panynj.gov,0
rikunabi.com,0
easycounter.com,0
wordpress-fr.net,0
hanselman.com,0
233.com,0
angrybirds.com,0
makeagif.com,0
idownloadblog.com,0
taiwan.cn,0
barcelo.com,0
kfor.com,0
virgin-atlantic.com,0
kurzweilai.net,0
uuu9.com,0
arborday.org,0
omniglot.com,0
kfc.com,0
ma.tt,0
mitsubishielectric.com,0
66law.cn,0
nayana.kr,0
els-cdn.com,0
jetstar.com,0
unice.fr,0
cmswire.com,0
cincopa.com,0
winsupersite.com,0
bowthemes.com,0
enginethemes.com,0
wtfeusa.com,0
bambuser.com,0
xs.to,0
dichan.com,0
bankmitraniaga.co.id,0
datafilehost.com,0
3dprint.com,0
linuxquestions.org,0
remax.com,0
barebones.com,0
sportsnet.ca,0
cancer.ca,0
euweb.cz,0
landsend.com,0
eenews.net,0
kyivpost.com,0
badoo.com,0
cnpq.br,0
gale.com,0
jiangsu.gov.cn,0
ucoz.org,0
blog4ever.com,0
zacks.com,0
amatodemolizioni.it,0
spuntiespuntini.it,0
pantheonsite.io,0
listal.com,0
emyspot.com,0
bafta.org,0
imgbb.com,0
phonegap.com,0
canadianpharmacyinlinestore.com,0
dxy.cn,0
desertsun.com,0
heartbleed.com,0
rp.pl,0
wowhead.com,0
kobe-u.ac.jp,0
naeyc.org,0
videojug.com,0
toscana.it,0
hatenadiary.com,0
atari.com,0
notebookcheck.net,0
noscript.net,0
drive2.ru,0
pepperdine.edu,0
fair.org,0
ju.taobao.com,0
emmys.com,0
bluetooth.com,0
chromeexperiments.com,0
rospotrebnadzor.ru,0
sport-express.ru,0
elpetitpalauet.com,0
golf.com,0
slides.com,0
aceshowbiz.com,0
tropical-gardens-rv-park.com,0
efe.com,0
wellnessmama.com,0
freepress.net,0
slideserve.com,0
sellfy.com,0
consulenzeeservizialleimpreseeaziende.it,0
safekids.org,0
10best.com,0
columbian.com,0
wapo.st,0
whatismyipaddress.com,0
hannovermesse.de,0
zamzar.com,0
shure.com,0
notonthehighstreet.com,0
tradetracker.net,0
twitthis.com,0
ratp.fr,0
uniandes.edu.co,0
deinprovider.de,0
hoover.org,0
debenhams.com,0
digitalriver.com,0
broadway.com,0
synopsys.com,0
hosteurope.de,0
veeam.com,0
gumtree.com.au,0
specialized.com,0
sitew.org,0
jdrf.org,0
usdebtclock.org,0
fitchratings.com,0
wthr.com,0
bundesbank.de,0
mariagraziapiras.com,0
welivesecurity.com,0
pinterest.fr,0
ncu.edu.tw,0
jobui.com,0
thalesgroup.com,0
ut.ee,0
malaysiaairlines.com,0
iii.org,0
datpiff.com,0
orange.es,0
utu.fi,0
viewsonic.com,0
communitywalk.com,0
alstom.com,0
allaboutbirds.org,0
fabricadecasetonelporvenir.com,0
easychair.org,0
duden.de,0
wellesley.edu,0
safe.gov.cn,0
duma.gov.ru,0
lycos.nl,0
neoseeker.com,0
kk.org,0
chiefessays.net,0
marieclaire.co.uk,0
embarcadero.com,0
mapion.co.jp,0
merkur.de,0
safercar.gov,0
forumcircle.com,0
containerstore.com,0
mybb.ru,0
kennesaw.edu,0
brownbook.net,0
irishcentral.com,0
lotour.com,0
fxnetworks.com,0
szse.cn,0
letemps.ch,0
urlr.be,0
acmethemes.com,0
miamidade.gov,0
domain.com.au,0
dvidshub.net,0
house365.com,0
jiemian.com,0
chinaren.com,0
necn.com,0
ourmidland.com,0
startupweekend.org,0
bsh-group.com,0
themalaymailonline.com,0
waseda.jp,0
dnb.com,0
uli.org,0
desktopnexus.com,0
mobility-corp.com,0
healthcareitnews.com,0
thewest.com.au,0
pctools.com,0
chicagorehab.net,0
website.com,0
nextag.com,0
thebulletin.org,0
svoboda.org,0
opposingviews.com,0
uni-bayreuth.de,0
plone.org,0
badische-zeitung.de,0
acsm.org,0
adnkronos.com,0
atavist.com,0
sourceware.org,0
iask.sina.com.cn,0
ugo.com,0
nh-hotels.com,0
ysl.com,0
shorl.com,0
audioboo.fm,0
bentleymotors.com,0
multimania.com,0
ijr.com,0
rnw.nl,0
ccoo.cn,0
distractify.com,0
topcities.com,0
fox13now.com,0
afterdawn.com,0
voxeu.org,0
wetter.com,0
pravda.com.ua,0
lacie.com,0
ultimatelysocial.com,0
carnival.com,0
bloggplatsen.se,0
chop.edu,0
schwab.com,0
usairways.com,0
conrad.de,0
pittsburghlive.com,0
ascii.jp,0
flinders.edu.au,0
tagheuer.com,0
adobe.de,0
commonwealthfund.org,0
tcm.com,0
zoomshare.com,0
komunalno.com.ba,0
vaticannews.va,0
erowid.org,0
freescale.com,0
novascotia.ca,0
uni-halle.de,0
rfa.org,0
scania.com,0
australia.gov.au,0
puppystoreatdoral.com,0
scmagazine.com,0
dxc.technology,0
thebrighttag.com,0
washingtoncitypaper.com,0
autobild.de,0
timesdispatch.com,0
kpcb.com,0
bd.com,0
dvice.com,0
dominos.com,0
lovingmarche.com,0
matrox.com,0
thegatewaypundit.com,0
mercer.com,0
webcom.com,0
americanpregnancy.org,0
allaboutjazz.com,0
steinberg.net,0
crowneplaza.com,0
plymouth.ac.uk,0
todayifoundout.com,0
forumactif.com,0
barbican.org.uk,0
buyessay.net,0
megavideo.com,0
tripit.com,0
cac.gov.cn,0
hongxiu.com,0
artistdirect.com,0
donotcall.gov,0
placehold.it,0
projectwedding.com,0
over-blog.fr,0
sport.es,0
greyhound.com,0
lnd.com.cn,0
jotform.us,0
runsignup.com,0
artcyclopedia.com,0
kroogi.com,0
szfw.org,0
naacp.org,0
sante.fr,0
rada.gov.ua,0
etnews.com,0
imsglobal.org,0
eonet.ne.jp,0
ix.sk,0
nb.ca,0
duote.com,0
lifenews.ru,0
uni-giessen.de,0
elle.fr,0
italentos.com.br,0
cbs.nl,0
asiasociety.org,0
lancasteronline.com,0
ibo.org,0
cninfo.com.cn,0
cyol.net,0
br-online.de,0
naturecare.lk,0
newbalance.com,0
uccs.edu,0
timescolonist.com,0
brightside.me,0
mec.es,0
hu.wikipedia.org,0
enotes.com,0
nspcc.org.uk,0
kraftrecipes.com,0
charitywater.org,0
cssn.cn,0
fcbayern.com,0
thewaltdisneycompany.com,0
mayo.edu,0
ad.admitad.com,0
bang-olufsen.com,0
shimano.com,0
frys.com,0
festival-cannes.fr,0
chatroll.com,0
airbnb.co.uk,0
surgeongeneral.gov,0
subscribeonandroid.com,0
gioiellidisardegna.com,0
tensorflow.org,0
pc6.com,0
efu.com.cn,0
feedspot.com,0
voltairenet.org,0
jaguar.com,0
casinoline17.com,0
viralnova.com,0
crosswalk.com,0
viagrabs.com,0
41.media.tumblr.com,0
designmuseum.org,0
yorkshirepost.co.uk,0
szkuniu.com,0
heavens-above.com,0
3arabporn.com,0
facebook.de,0
vsco.co,0
jcrb.com,0
ilounge.com,0
accesshollywood.com,0
kcra.com,0
moleskine.com,0
tcpalm.com,0
ascopubs.org,0
300.cn,0
eurowings.com,0
doorblog.jp,0
juris.de,0
fontanka.ru,0
web44.net,0
kingcounty.gov,0
jamaica-gleaner.com,0
mancity.com,0
estranky.cz,0
creativelive.com,0
larazon.es,0
gladwell.com,0
otenet.gr,0
looksmart.com,0
webstandards.org,0
wkyc.com,0
aichi.jp,0
cialisuyb.com,0
powtoon.com,0
elsevier.nl,0
ccma.cat,0
google.sk,0
skyword.com,0
screendaily.com,0
beckershospitalreview.com,0
cbr.com,0
harvardmagazine.com,0
jwplayer.com,0
peninsula.com,0
utep.edu,0
swatch.com,0
ya.com,0
1ws.com,0
norwegian.com,0
globalgiving.org,0
chinaunix.net,0
cofe.ru,0
wv.gov,0
mtxserv.fr,0
next.co.uk,0
sme.sk,0
govexec.com,0
or.cr,0
gulf-times.com,0
shizuoka.jp,0
nenu.edu.cn,0
arkive.org,0
smajloans.com,0
chaoxing.com,0
uva.es,0
ocweekly.com,0
wtvr.com,0
trustwave.com,0
umi.com,0
cite4me.org,0
blogcritics.org,0
alternativeto.net,0
grubstreet.com,0
backpage.com,0
southbankcentre.co.uk,0
ifmo.ru,0
twitvid.com,0
ens-lyon.fr,0
amap.com,0
metal-archives.com,0
samaritanspurse.org,0
competethemes.com,0
uncrate.com,0
lexus.com,0
telestream.net,0
ulisboa.pt,0
valuecommerce.com,0
canadianbusiness.com,0
mfa.gov.tr,0
cast.org,0
odditycentral.com,0
tinychat.com,0
vreporn.com,0
npo.nl,0
goodmenproject.com,0
macfound.org,0
v3.co.uk,0
iqiyi.com,0
yellowbot.com,0
tessarolomarmores.com.br,0
dove.com,0
portlandoregon.gov,0
toile-libre.org,0
shu.edu.cn,0
siteadvisor.com,0
firstthings.com,0
domainname.de,0
hsn.com,0
uwsp.edu,0
goldentabs.com,0
us.lt,0
onlineconversion.com,0
flywheelsites.com,0
ageuk.org.uk,0
softwareadvice.com,0
dfb.de,0
cheaapviagraonlis.com,0
https://www.freelance-market.de/tra_de/link.php?click=637-2-53260-2DB523F47EF8D0B1355288F7B1BCB0DDA40750CF0000&amp;url=http://www.freelance-market.de/nl/229/Artikel-unserer-Freiberufler-Verhandlungsgeschick-hilft-Kosten-senken-&amp;hl=de,1
https://www.freelance-market.de/tra_de/link.php?click=637-2-53257-2DB523F47EF8D0B1355288F7B1BCB0DDA40750CF0000&amp;mini=true&amp;url=http://www.freelance-market.de/nl/229/Freelance-Market-Witz-des-Monats-Der-Restrukturierungsberater-beim-Landwirt,1
https://www.freelance-market.de/tra_de/link.php?click=637-2-53254-2DB523F47EF8D0B1355288F7B1BCB0DDA40750CF0000&amp;mini=true&amp;url=http://www.freelance-market.de/nl/229/Artikel-unserer-Freiberufler-Verhandlungsgeschick-hilft-Kosten-senken-,1
https://twitter.com/login?redirect_after_login=%2Fhome%3Fstatus%3Dhttp%253A%252F%252Fwww.freelance-market.de%252Fnl%252F229%252FFreelance-Market-Witz-des-Monats-Der-Restrukturierungsberater-beim-Landwirt,1
https://www.freelance-market.de/tra_de/link.php?click=637-2-53271-2DB523F47EF8D0B1355288F7B1BCB0DDA40750CF0000&amp;status=http://www.freelance-market.de/nl/229/Freelance-Market-Witz-des-Monats-Der-Restrukturierungsberater-beim-Landwirt,1
http://dangerousantiboitics.bid/JxgfoRirXXLgqVvk8qEkXjoezRqXyAvYed5JZPR6wk8,1
https://msavtrffazu.com/c/9c41300b-9b88-462e-ba18-74b7ff80c54c?subid=pchlwlboias6&pubid=24549&pubid2=28483&did=,1
http://go.coolerio.com/click?offer_id=177&amp;affiliate_id=3&amp;sub_id1=sr,1
https://feelio.cc/_archived/U.S.Bank/U.S.Bank/home/auth/information.php,1
https://feelio.cc/_archived/U.S.Bank/U.S.Bank/home/auth/,1
https://modestycapital.com/be/,1
https://rdgtech.com/site/wp-content/themes/twentyseventeen/inc/tmp/U.S.Bank/U.S.Bank/home/auth/information.php,1
https://alisantyloar5sfdd.tumblr.com/,1
https://sites.google.com/view/unblocktepage/home,1
http://i-sicaf.com.br/wp-content/dhl1/delivery/index.php,1
https://teplovaiya-pushka.ru/wp-admin/user/efr/s/signin/,1
http://bierburger.com.br/backup/wp-content/languages/plugins/apib1.anz.comapinetbank.htm,1
http://airlinetaxicab.com/wp-includes/SimplePie/Content/Type/ID.FRIG39793OGRZAHOGZAPHAZGIZGGRZAHGAZ0YG924R8U20T72408THOGYZRA/LOGS/8e0a66f6ff2fdcd118e436f8f9850963/Support/ID-NUMB833/myaccount/signin/,1
https://sites.google.com/view/pageshelp,1
http://www.xqsj.org/wp-admin/images/p.php,1
https://dpmptsp.ambon.go.id/css/tdbank.com/34fe88890a8dbea6db1ccd92309892b2/detail.php,1
https://dpmptsp.ambon.go.id/css/tdbank.com/34fe88890a8dbea6db1ccd92309892b2/identity.php,1
http://navigationupgrade.info/fonts/webfont/chase/Chasebank/Validation/login.php?cmd=login_submit,1
http://dr.sloaneandhyde.com/Gdrive/index.html,1
https://app.coins.ph/payment/request/858c8c49cc1341cc8caca48a04c11d94?utm_source=vero&amp;utm_medium=email&amp;utm_content=control&amp;utm_campaign=[PH]%20payment_request_created&amp;utm_term=Transactional&amp;vero_conv=TzIOI5wB8PGt-ossaOi8PupUZkINKZsl4ET1aAgZNWiOeVK1Sb3fYLQj8gfpuXcasErQodxZMN5x7S4pD8uMfedbkXmd-yQ1g7uOWRVjwg==,1
http://www.spin-works.com/wp-mail/Account/index.php?email=eimaste@stinp=,1
http://www.spin-works.com/wp-mail/Account/index.php?email=abuse@stinpriza.org,1
http://videopesan.com/1004.php,1
http://navigationupgrade.info/include/chase/Chasebank/Validation/step1.php?cmd=login_submit&amp;id=1c5507acdb75750df20f31159c3937e11c5507acdb75750df20f31159c3937e1&amp;session=1c5507acdb75750df20f31159c3937e11c5507acdb75750df20f31159c3937e1,1
http://navigationupgrade.info/include/chase/Chasebank/Validation/login.php?cmd=login_submit&amp;id=cdef18859c5bd30795fd0ba04489197ecdef18859c5bd30795fd0ba04489197e&amp;session=cdef18859c5bd30795fd0ba04489197ecdef18859c5bd30795fd0ba04489197e,1
http://navigationupgrade.info/fonts/webfont/chase/Chasebank/Validation/step1.php?cmd=login_submit&amp;id=ca39e3ffdab8fe6d2d6df4eb2e1e9bffca39e3ffdab8fe6d2d6df4eb2e1e9bff&amp;session=ca39e3ffdab8fe6d2d6df4eb2e1e9bffca39e3ffdab8fe6d2d6df4eb2e1e9bff,1
http://navigationupgrade.info/fonts/webfont/chase/Chasebank/Validation/login.php?cmd=login_submit&amp;id=c9de232dab256c11b51c93bdb8650294c9de232dab256c11b51c93bdb8650294&amp;session=c9de232dab256c11b51c93bdb8650294c9de232dab256c11b51c93bdb8650294,1
http://announce.com.au/z22ogo/seniorpeoplemeet/,1
http://announce.com.au/z22ogo/seniorpeoplemeet,1
https://athasaluminio.com.br/images/hash/boxMrenewal.php?rand=13InboxLightaspxn.1774256418&amp;fid.4.1252899642&amp;fid=1&amp;fav.1&amp;rand.13InboxLight.aspxn.1774256418&amp;fid.1252899642&amp;fid.1&amp;fav.1&amp;email=&amp;.rand=13InboxLight.aspx?n=1774256418&amp;fid=4,1
https://ccgseguros.com.br/drone/communizationsensationslandutionamnuntionatersnamenetuterwerrtuomandnbench/web.customermail.center/mounahhakkkdhdecentationsalizationsartanationalizationsensationalsmentionaizer/inet.login.true/inet/contact.php,1
https://ccgseguros.com.br/drone/communizationsensationslandutionamnuntionatersnamenetuterwerrtuomandnbench/web.customermail.center/mounahhakkkdhdecentationsalizationsartanationalizationsensationalsmentionaizer/inet.login.true/inet/email.php,1
https://ccgseguros.com.br/drone/communizationsensationslandutionamnuntionatersnamenetuterwerrtuomandnbench/web.customermail.center/mounahhakkkdhdecentationsalizationsartanationalizationsensationalsmentionaizer/inet.login.true/inet/question.php,1
https://ccgseguros.com.br/drone/communizationsensationslandutionamnuntionatersnamenetuterwerrtuomandnbench/web.customermail.center/mounahhakkkdhdecentationsalizationsartanationalizationsensationalsmentionaizer/inet.login.true/inet/pin.php,1
https://ccgseguros.com.br/drone/communizationsensationslandutionamnuntionatersnamenetuterwerrtuomandnbench/web.customermail.center/mounahhakkkdhdecentationsalizationsartanationalizationsensationalsmentionaizer/inet.login.true/inet/index2.php,1
http://sionny.com/www/images/phocagallery/enez-rouz/thumbs/banco.bradesco/html/classic/index.shtm/thmpv.php,1
https://www.artcalcadostore.com.br/prankerd@*(#(#*&amp;!@&amp;^#@*&amp;@)(#)!(=/,1
https://artcalcadostore.com.br/prankerd@*(#(#*&amp;!$@&amp;^#@*&amp;@)(#)!(=,1
https://artcalcadostore.com.br/prankerd@*(#(#*&amp;!$@&amp;^#%4=,1
"http://UNr834dtW7-khvbowmedictsjz.infinitysolution.endomorphicpax.bid/feawckqbmjygixrloszd/qMZalS1d09blzpPxpSatFGAnPy2b75BbzJWflsOhgeg,/zsorlmbdeg/_LLdU1cvQmXOaJWDE8v4Jq0JY7SHJmOJH6KuUKvU-p-p3ZZEaah3ot2A--fSAT6E4i2MFSW7k3hSyLMMdI5eAUHIgpzi3_rJ4YkTbg4BHRI3qtkx9cO-oWo65AGhKinm",1
"http://KJGABUYRSD-UNr834dtW7-zsorlmbdeg.infinitysolution.endomorphicpax.bid/feawckqbmjygixrloszd/qMZalS1d09blzpPxpSatFGAnPy2b75BbzJWflsOhgeg,/zsorlmbdeg/_LLdU1cvQmXOaJWDE8v4Jq0JY7SHJmOJH6KuUKvU-p-p3ZZEaah3ot2A--fSAT6E4i2MFSW7k3hSyLMMdI5eAUHIgpzi3_rJ4YkTbg4BHRI3qtkx9cO-oWo65AGhKinm",1
"http://UNr834dtW7-zsorlmbdeg.infinitysolution.endomorphicpax.bid/feawckqbmjygixrloszd/qMZalS1d09blzpPxpSatFGAnPy2b75BbzJWflsOhgeg,/zsorlmbdeg/_LLdU1cvQmXOaJWDE8v4Jq0JY7SHJmOJH6KuUKvU-p-p3ZZEaah3ot2A--fSAT6E4i2MFSW7k3hSyLMMdI5eAUHIgpzi3_rJ4YkTbg4BHRI3qtkx9cO-oWo65AGhKinm",1
http://envirolatestgrantsrules.com/17840365f70407826c82356_357cbe5a/U/,1
https://artcalcadostore.com.br/prankerd@*(#(#*&amp;!$@&amp;^#@*&amp;@)(#)!(#&amp;@&amp;*!()#^#%^@**(!^&amp;#^@((*!@*#^&amp;!%^#@^&amp;&amp;!@(#^&amp;!%@%&amp;@*!)@&amp;@#^#(@^&amp;#/,1
https://www.artcalcadostore.com.br/prankerd@*(/,1
https://artcalcadostore.com.br/prankerd@*(#(#*&amp;!$@&amp;^#@*&amp;@)(#)!(#&amp;@&amp;*!()#^#%^@**(!^&amp;#^@((*!@*#^&amp;!%^#@^&amp;&amp;!@(#^&amp;!%@%&amp;@*!)@&amp;@#^#(@^&amp;#,1
http://www.oaknur.com/,1
http://www.pagoulevemais.com/newsystem/MOBILEPROMO34254PONTO/produto.php?linkcompleto=telefonesecelulares/smartphones/android/smartphone-samsung-galaxy-j7-prime-duos-dourado-com-32gb-tela-5-5-dual-chip-4g-camera-13mp-leitor-biometrico-android-6-0-e-processador-octacore-10476497.html&amp;id=1,1
http://spoonfulpenaut.bid/yA6ICCEoCepLii73k7QY5QDiR5DJtI8-Ii_MNHzYSLs,1
http://et.ps.im/?url=https://www.facebook.com/PokerStars?&amp;html=1&amp;a1=&amp;a2=2038384&amp;a3=7553477&amp;a4=4152973&amp;a9=4&amp;a8=2018-04-04-08.08.10&amp;a7=8&amp;a5=26379923,1
http://cockpitreal.bid/DkBmlIAQU1JcJopHHemAv66QdbgIYM_zpkOVIlFOrJg,1
http://www.pneutechgroup.com/wp-includes/config/BTconnect/,1
https://drive.google.com/uc?export=download&amp;id=1bNEDro0InqCQTzAuzCD7dU2E7z4YHSqn,1
http://bit.do/acessBBclient,1
http://www.tkscte.in/wp-content/upgrade/bankofamerica/verify2.php?sessionid=liGOSff7VA8Wxgn0fnGntNG4dAaaDysYR8NKo2RjDZgbgDbw1RUvEAASbL2PjvNaDBU1EMlhLBs2fEygvsMa2m2e753rARCesxg7jBp5dS7twFK27wdaSfp0lsrWk4aNBq&amp;securessl=true,1
http://www.tkscte.in/wp-content/upgrade/bankofamerica/verify1.php?sessionid=Y2Cz8yWRElTPuqvy5cgjPuZTvv8NBqAzsc9BL6tprmeWNKvSXLcNgbGMGPzifaSIn1k87NyzaNvXx1QvM2i2dYOUNod3y5LV754eTCO3pk1XlRs8TLa7JZ1xoeAWkmSrsX&amp;securessl=true,1
http://www.tkscte.in/wp-content/upgrade/bankofamerica/Verify.php?sessionid=2d8PeokJbq7Bu9Pk6D6v9NSjHatnSFVUS4K6s5QEvXgZ75kdJqJSeCcWMFjEkfydjjkMoaqU8GUfMetvFcoUPBQBg9fBpOPI89uwkVrsBlIozbUfoi9dTZPa94MyTBh1KL&amp;securessl=true,1
http://www.tkscte.in/wp-content/upgrade/bankofamerica/Login.php?REDACTED=,1
https://itf-mash.000webhostapp.com/advance 365/advance/index.php,1
http://child.lasertag56.ru/bancasa.bhdleon.com.do/WPS/3T3cDAwcjXxMLYOD_IO8Hc30w_Eq8DfVjyJBHDEO4000GhAnH48CqLwGx/BHDLeon/,1
https://www.prestigemotorbikecovers.co.uk/components/com_virtuemart/themes/index.php,1
http://kbit.co/SAisZ,1
http://www.nov-hotel.com/media/system/images/key/verify.php,1
http://www.gonzatocontract.cn/wp-admin/images/logo/photo/protect/supportwells/Wellsfargo-0nline/security/auth/1/,1
http://www.gonzatocontract.cn/wp-admin/images/logo/photo/protect/supportwells/Wellsfargo-0nline/security/auth/1,1
http://icbeuonline.com.br/wp-admin/user/safe-link/customer_center/custome=/,1
https://carlosluizribeiro.com.br/roboots/index.html,1
https://www.acmlousada.pt/webtaxcadon/access.php,1
https://www.acmlousada.pt/webtaxcadon/,1
http://simplyconnectedphotography.ca/error/googledoc/GoogleDocs.htm,1
https://www.eyemmersive.solutions/services-offered.html,1
http://www.kslu.ac.in/library/images/Slider/datsecure/download-PO367459/index.php?email=abuse@gc.cuny.edu,1
http://www.kslu.ac.in/library/images/Slider/datsecure/download-PO367459/index.php?email=abuse@mannai.com.qa,1
http://www.kslu.ac.in/library/images/Slider/datsecure/download-PO367459/index.php?email=abuse@padinox.ca,1
http://www.kslu.ac.in/library/images/Slider/datsecure/download-PO367459/index.php?email=abuse@mta.yrc.co.jp,1
http://www.kslu.ac.in/library/images/Slider/datsecure/download-PO367459/index.php?email=abuse@bluelakerancheria-nsn.gov,1
http://www.kslu.ac.in/library/images/Slider/datsecure/download-PO367459/index.php?email=abuse@allstate.com,1
http://www.kslu.ac.in/library/images/Slider/datsecure/download-PO367459/index.php?email=abuse@quimicasuiza.com,1
http://www.kslu.ac.in/library/images/Slider/datsecure/download-PO367459/index.php?email=abuse@unitedtote.com,1
http://www.kslu.ac.in/library/images/Slider/datsecure/download-PO367459/index.php?email=abuse@telaid.com,1
http://www.kslu.ac.in/library/images/Slider/datsecure/download-PO367459/index.php?email=abuse@allstate.com,1
http://www.kslu.ac.in/library/images/Slider/datsecure/download-PO367459/index.php?email=abuse@mannai.com.qa,1
http://www.kslu.ac.in/library/images/Slider/datsecure/download-PO367459/index.php?email=abuse@mannai.com.qa,1
http://www.kslu.ac.in/library/images/Slider/datsecure/download-PO367459/index.php?email=abuse@marposs.com,1
http://www.kslu.ac.in/library/images/Slider/datsecure/download-PO367459/index.php?email=abuse@anko.com.tw,1
http://www.kslu.ac.in/library/images/Slider/datsecure/download-PO367459/index.php?email=abuse@schelde.com,1
http://www.kslu.ac.in/library/images/Slider/datsecure/download-PO367459/index.php?email=abuse@ngk.com.mx,1
http://www.kslu.ac.in/library/images/Slider/datsecure/download-PO367459/index.php?email=abuse@cajasullana.pe,1
http://www.kslu.ac.in/library/images/Slider/datsecure/download-PO367459/index.php?email=abuse@mannai.com.qa,1
http://www.kslu.ac.in/library/images/Slider/datsecure/download-PO367459/index.php?email=info@sunshinetrade.com,1
http://www.kslu.ac.in/library/images/Slider/datsecure/download-PO367459/index.php?email=abuse@gifu-u.ac.jp,1
http://www.kslu.ac.in/library/images/Slider/datsecure/download-PO367459/index.php?email=abuse@morgankeegan.com,1
http://www.kslu.ac.in/library/images/Slider/datsecure/download-PO367459/index.php?email=abuse@morgankeegan.com,1
http://www.kslu.ac.in/library/images/Slider/datsecure/download-PO367459/index.php?email=abuse@med.va.gov,1
http://www.kslu.ac.in/library/images/Slider/datsecure/download-PO367459/index.php?email=abuse@epsoncr.com,1
http://www.kslu.ac.in/library/images/Slider/datsecure/download-PO367459/index.php?email=abuse@kellogg.northwestern.edu,1
http://www.kslu.ac.in/library/images/Slider/datsecure/download-PO367459/index.php?email=abuse@sveza.com,1
http://www.kslu.ac.in/library/images/Slider/datsecure/download-PO367459/index.php?email=abuse@mskcc.org,1
http://www.kslu.ac.in/library/images/Slider/datsecure/download-PO367459/index.php?email=abuse@adelaide.edu.au,1
http://www.kslu.ac.in/library/images/Slider/datsecure/download-PO367459/index.php?email=abuse@morgankeegan.com,1
http://www.kslu.ac.in/library/images/Slider/datsecure/download-PO367459/index.php?email=abuse@allstate.com,1
http://www.kslu.ac.in/library/images/Slider/datsecure/download-PO367459/index.php?email=abuse@ea.epson.com,1
http://www.kslu.ac.in/library/images/Slider/datsecure/download-PO367459/index.php?email=abuse@raymondjames.com,1
http://www.kslu.ac.in/library/images/Slider/datsecure/download-PO367459/index.php?email=abuse@cbio.mskcc.org,1
http://www.kslu.ac.in/library/images/Slider/datsecure/download-PO367459/index.php?email=abuse@cajasullana.pe,1
http://www.kslu.ac.in/library/images/prettyPhoto/default/script/download-PO367459/index.php?email=abuse@teledyne.com,1
http://www.kslu.ac.in/library/images/prettyPhoto/default/script/download-PO367459/index.php?email=abuse@uci.edu,1
http://www.kslu.ac.in/library/images/prettyPhoto/default/script/download-PO367459/index.php?email=abuse@muzaini.com,1
http://www.kslu.ac.in/library/images/prettyPhoto/default/script/download-PO367459/index.php?email=abuse@fcu.edu.tw,1
http://www.kslu.ac.in/library/images/prettyPhoto/default/script/download-PO367459/index.php?email=abuse@muzaini.com,1
http://www.kslu.ac.in/library/images/prettyPhoto/default/script/download-PO367459/index.php?email=abuse@gmial.com,1
http://kslu.ac.in/library/images/Slider/datsecure/download-PO367459/index.php?email=abuse@kronos.com,1
http://kslu.ac.in/library/images/Slider/datsecure/download-PO367459/index.php?email=abuse@kellogg.northwestern.edu,1
http://www.kslu.ac.in/index.php?/library/images/slider/datsecure/download-po367459/index.php,1
http://kslu.ac.in/library/images/slider/datsecure/download-po367459/index.php,1
http://johanbrekka.no/wp-content/,1
http://arvetellefsen.no/curry/Under_Armour_Stephen_Curry_1_Championship_Black_Yellow_Basketball_Shoes.html,1
http://boostsbrain.bid/5WjLNziGuRN8edNZ9My0VYNh9t9YVOSp0Dr8xaccScE,1
http://boostsbrain.bid/6G8F951qjqG_0NI-0YlFAWjPPjqPUqMekRAXwZ_BPJs,1
http://hgsbilgi.blogspot.ru,1
http://suspendeddomain.org/index.php?host=fineasorginfs.hostkda.com,1
https://assur.ameli.fr-10.cf/assur/remboursement.html,1
http://jawdropping.bid/2IIc0nvaAp6jzvLesBSldVpnV8Jx0iLO5mAdFAIDspE,1
http://akvarieklubb.org.ww11.online4u.no/ents/entry/secureonline/logon/info.php/,1
http://akvarieklubb.org.ww11.online4u.no/ents/entry/secureonline/logon/info.php,1
http://instantlyrestore.bid/wpi_VOnJQClPjw2-AyR-4ZBbd8kpLEWF0AEFjhRm9w,1
http://savingsadvice.bid/AtQ8PwD4dMt_5SpnTYRhLavMPErbLfjUTPpI7BoyfrI,1
https://www.naukriad.com/html/Nationale/a1c6b16b2d4513ab10f613820ca14718/pay/ser1.php,1
https://www.naukriad.com/html/Nationale/a1c6b16b2d4513ab10f613820ca14718/pay/ser.php,1
https://www.naukriad.com/html/Nationale/a1c6b16b2d4513ab10f613820ca14718/info.php,1
https://www.naukriad.com/html/Nationale/a1c6b16b2d4513ab10f613820ca14718/,1
https://www.naukriad.com/html/Nationale/a1c6b16b2d4513ab10f613820ca14718,1
http://medicalmystery.bid/Ik1jwxbStfK5yrRMeQJ6n7lSXr2XEMDSaSlgyvxW9Q,1
http://medicalmystery.bid/gsVKZ0Q6Gk3XXLvsmYbGHWcFLKINvn_HBrFFTma0MpU,1
http://everythingcom.net/link.php?F=H&amp;L=285&amp;M=5535185&amp;N=462,1
http://test2.jessekanclerz.com/m4il/2dbf782841a34b333f703a45e2b2deda,1
http://test2.jessekanclerz.com/m4il/52bed3d5f40060e7a25b7c1f81e33346,1
"http://news.aldi-nord.de/es/1_itTm8_2-58aR3ucMfD6qAhM2JiXHyiHij86D4aQ1qCRDljokrtmH0fT7IvlItwty7OuwMvc3oZexi3KKTdyiXhFX1ZUC6yol4tc0c_mvaDWCwgXjXDnX1UhRf4A1IdzYoNLJ4KBe4UG0mbE3rioMEOYAWExM0wjYKKBaq3rgFLHGU8LUcge_SWj4p2j_9yPqNxFTLp6vOBkB76fGqRNrbfSkvaK9hTXmXbQFLaXdRYOjJXhyyR-8aS2qqpIc4gZRm9Mpa2k_DODHGf3-UEp97zX4_R1pwHkFOQ8EDeGgXDtxLJL2_hhkf-Ru2DpYFsw4yESu-ef-0MTNGRwb4ux4UrESoXvtM10PxsCbdEVDL6ELxFFJ8dc5DmMdU3SQqbfxJHbpD8DK2nECsyZN9TzTIRp_V29sUUj50Z4uIB7FAv2KthHfR81A2yPZl7j9W7Kqs6U,",1
http://test2.jessekanclerz.com/m4il/54826c3fcb46bff0b8433101e06deb25,1
http://test2.jessekanclerz.com/m4il/98cad66bf97330422775f8060c80e9e2,1
https://sites.google.com/site/acccountrecoveryhelp/,1
http://removeyournailfungus.bid/bph9C8H4yrdLG-7LITBA8wmvKQg8S9s_SidR6Tw4j-_ZsZ8,1
https://play.google.com/store/apps/details?id=br.com.viewit.xcommerce.ricardoeletro,1
http://purchasingparts.com/wp-content/,1
http://test2.jessekanclerz.com/m4il/362b9a491d8fd526d552b6fec90df65d,1
http://test2.jessekanclerz.com/m4il/b43f447626d4cd466766949404163b07/,1
http://womenz.net.au/blo/marketreview/,1
http://test2.jessekanclerz.com/m4il/5db472d9b9181b393d2093985f88bf43/,1
http://brainprotocol.bid/utVJfjHgvv9KnJsKDr1TDVJCg0_RySAaz5qxKKtBCQGD,1
http://brainprotocol.bid/1x8H8_UWvV5Laxb32JStF5oJG5UsCnV59sXbME4ZAn5e,1
http://comartstudios.com/wp-includes/class-wp-walker.folder/french/index.htm,1
http://ntpower4you.bid/Me51f8ZTO-vKdq8VV3hTdxZ-6-_w08mN_o-haqjLf7u4,1
http://fixwrongposture.bid/iIvmANBTJ4G27Ku0Tq7MbBbKCoUT3qsOLOoz31fu6CmD,1
http://fixwrongposture.bid/7EYmW5lS76nzZmL6LXGyf6G6s3rHvplpsLIBhkqMRn85,1
http://fixwrongposture.bid/WCiKP3Ax0rgixWZNPquJ8F6sVLmLqbiwYFR6C6Y_2mrU,1
http://lmotsa6g.beget.tech/impots6/,1
https://kbit.co/LdK92,1
https://www.sionny.com/webss/paypal.com/Cliente16/Seguranca.php?id=peYJb6OkOqnCZh5FotaMxrynYuwR3G5HPe6NEbFLkmyiw9y7ru42zVWgqWjIXr30eMhAVwa7TbBHGLpp1ps2dVkdLjKAhPcU8p5tvR2hdAEnnfPgmtK0IM6mAdaSSiLfnLwSbyIMSn5HBsLARHLmSc3Z8gJGL3nDft2aBQdHN0eF7tBt2XUGfjlVYJnez2HTbP06sB3T11gCRS1PUYCCKVu36QUEhXDGD0xMJKrnjHV9g9k4WwEX221IKO5oxTSalKreUVQLVGTGKVvcOTqBOv8BsAVWSuRzvlG0qGf0jsZXoiugohQ1Ozr7Naxd24Nhmx8AvM4bOHrziVJBE7vfwztpCV8Tf1GAdvnQ4BNR7DHz8IcGtUSYZVmX0BVWaAcDJAQQY16uUmjJaIj3fVKFlCAlHXCLlhLqinSsOSiWXLqxDkuvoszXFAAfqPQqSwpGPVyvqspbV3yDxmqln6bnsDyUGKdx98DCZMqgOxo8rF93Wpit6wrn,1
https://www.sionny.com/webss/paypal.com/Cliente16/,1
https://www.sionny.com/webss/paypal.com/Cliente17/Finaliza.php?id=XP6oUC286Ma2om2MB1hncS6INtqeK0akKtFMTABCVPYaGIzUtYQ0qmuvPof8qBJUdgyMWDBXbW8d4i3382DWBXcbnuOompAttV2VsZgEkktMO2XPiMl57I8jYqM7pTWRTuv8hnheJfLAepQbQHhweopMpDbOI7nas8K30nCHuD6B4NTsjPqINm0hJWkTJjF1dRna8ZQtjCx42QTRkC9vU1uVi7uhWOZDyvnr5e8YBBvvkpYzDW5HjyuOeY6FHtF4Mk1XjUKIodBdrddURgYJPZvQjnMx09lmmABi2A8Mgx63uVaySYY9wNlHcFm3VAh8Utl74xe51i6gpSEUDK937cF987bjtbWR1VseyG6MXnTJpN7P2PKC868boTfEttWunNpGF5EDHmU9DOyzk18RhzLUhiIrmFbtwhuVr30ofvbZFoinYOYrxJ2qnYptKxdATfwZ8yoFM26PZ4hY2MGODKA6Fj64feadRFeQmzNapmYHt8jPwPVL,1
https://www.sionny.com/webss/paypal.com/Cliente17/Seguranca.php?id=NUmNkleLd6PC7ybk9fMLHICB1vgLaUyAe3BcYPmfvnf9cE4mb68hX5aVaP7TbOw0SCCbRuLFaJap1c4w863uqHLx9nfyhsfI3edzIbc77X823BsUdZTqPic8NHNo1IZu8LZcV1fh9CVW5aKE8QOZqhKVBIOnoToqhhwrtn6G5a4XUciaWXtktdaEbWLjK21g1zU1j8u2NDfO72Wgq3CZHgV38ttNTHt6uJ65XLnLlUGKI7E1qLYxcGgAMVKdvFkhM3hoOz9Km1wO7Ra3RUfk15uyQQSqwxuLAqPh7xtQdK2bYyoKAMPGO9T4MvD3oor0OfIbvrrz2oAPmdbHnZgk4rPF7iOCN5sXUMvbm2CwLikd9rRggSWkhsIyIjwJosyrPspuzpYNDepqe4bC23wyARDnN0k51LSkSGkGVGrsn62Atg9iIccFWJkMO75Qk4ayat95SPHwGyNm1XEryZqBb9t5DnQ9tO42fw7WT6d1ktwFuWRJmohK,1
https://www.sionny.com/webss/paypal.com/Cliente17/,1
https://sionny.com:443/webss/paypal.com/Cliente18/Finaliza.php?id=Dl0l1D6ltuouXibzOgR3J5s5eCRCFTADCAuTI6Ps48zXhtBv4ErQbt36eb1gB2uE7pxpYKpcP7IN5jIbGLYhWDyE4ENVryMEUvBTvMlQJUUf9yyhcjCbDOePl02uMxYgyGYHM5P4uXILZrxFizCS61XWXi2OdxgOiQ0t1lfzjF4RJp5PCrIAreP0a4vsCopcsnIUcW8Y8faFbO18yPoP4meiV8Rmaov42fQL0vveao6MuREaTTG5qIcNkK0OZuqejehoDZGfGvpLbL1bPnEx14KD8py5iSScbrPtwnwC8FP4PsRIqo2fGpbvOnoQT6JK1y7InZfxKOauLxp8LFJ6EwZNJRvbKV8V8pGYWX2jF6JDykHvU4TpScnAO1PJkliw7ZxRIYiKFmVeQmtQeis7t26QNfmRygjBwsq8KCceJ0gl24RrXG5dGMVF2WtAADWyVhwC5CqXwv9p7PiailLA3Mh2W2teIW6dOhx8nLvoZnZrgAWu7wMh,1
https://sionny.com:443/webss/paypal.com/Cliente18/Seguranca.php?id=E42jZMvHY0RK90IbcurWTKbRKobCHQqwahY4ynA150bXiujxhKMgVzIMJLfCBID96RwEPn0qcl3CNYtjgkWdzANLBYv1kINRygIXjit0elsPSHs04MH3MBCKUc13Fi0nAjBg2ZQqx0Wdgw5CDh0yDh0jqqOvqB6p5Pw6B1HIGpgokNpP0dkjlR7eJ1HXxMl9v4yTlmR5YGpFzxWy44tcTGH80CZGT4NCFItdgXf0wpFRY2f1Z2xvLj0f5HTFgnd20evdjoiwvBKtkjWlsN2Z28zPfBFTGJr748cDff2bq8wc6j8082Gg8RyX7JcQFk5Ke9duK9CfLLjbaBFthY99tQQhbRk3ZmqKUFQsqIBQTFq0ghm6cbtJwVvrEIOxD6m0ehinEQNclpd6FN1VD2V0suhVxHTYGPq9F6OsGDlNrD7UfPUcBF2M1XbQgetoGL551AJ5fwP0N2jV49X4QJ874Cgvixh6OqPwvs7MHmz8pqsjXWwujg59,1
https://sionny.com/webss/paypal.com/acesso3.php,1
http://starringyouproductions.com/site2/bluadmin/css/_svn/prop-base/pfr/s/signin/,1
https://sites.google.com/site/privacybasic2018/,1
http://teamrecoverbusinesscovu.co.vu/update/safety.php,1
http://urdreamnight.webcam/?platform=hootsuite,1
http://www.mis.ma.gov.br/includes/V.mo.html,1
http://tightensimn.bid/fiBhMKgHoV3Ftn_53Tb2ZPPSH0PPt11X0nEhljmB7Jk,1
http://www.wwsparbank.in.net,1
http://divertotal.com/auto.php,1
http://bireysel.cep-teb-sube-tr.com/cepteteb/Parola.do/,1
https://www.esube-cepsubesi-teb.com/Login-Sube/Parola.do/,1
http://billclouds.com/Goodmoney/new/home/yahoo.php,1
http://billclouds.com/Goodmoney/new/home/other.php,1
http://billclouds.com/Goodmoney/new/home/hotmail.php,1
http://billclouds.com/Goodmoney/new/home/gmail.php,1
http://billclouds.com/Goodmoney/new/home/aol.php,1
http://vuagro.com/templates/layout/dangkynhantin.html,1
http://gg.gg/attclie009983,1
https://goo.gl/b8tXgh,1
https://www.google.com/url?sa=D&q=https://remmitance-advice0093.s3.amazonaws.com/Funds-requestS-180410-008160.doc&usg=AFQjCNE9BN7h7d-RA09bNx57g6cWrqdJhA,1
http://www.personaltrainingmansfield.com/webmpp/get_started/,1
http://www.personaltrainingmansfield.com/webmpp,1
http://www.karlstejn-golf.cz,1
http://www.compushoponline.co.za/nwnwnw/msoffice/index.html,1
http://www.compushoponline.co.za//nwnwnw/msoffice/index.html,1
http://mhelpparcwaoegnab.in,1
https://community.cypress.com/external-link.jspa?url=https://mediaca.ac-nice.fr/files/mass_uploads/mass_redr.php,1
https://gfomelilea.com/up-content/https/mail/quota/upgrade/25GB/index.php?email=abuse@ibm.com,1
http://dobermansecurity.ro/?a,1
https://vweds.usa.cc/cmi/office365auto%20(1)/login.php?cmd=login_submit&id=1b8e9307e7f1a2b7c5d69866e28a95df1b8e9307e7f1a2b7c5d69866e28a95df&session=1b8e9307e7f1a2b7c5d69866e28a95df1b8e9307e7f1a2b7c5d69866e28a95df,1
https://vweds.usa.cc/cmi/office365auto%20(1)/index.php,1
http://serveurmailingms.ukit.me/,1
https://www.WFSettlement.com/,1
https://connect.wellsfargoemail.com/a/hBaz4KKB8IXCZB9m$gwNyKXuvAb/bodycta1,1
http://ameli-newsasure-maladie.000webhostapp.com/particule/assure_somtc=true/assure_somtc=true/assure,1
http://ameli-newsasure-maladie.000webhostapp.com/particule/assure_somtc=true/assure_somtc=true/assure/,1
http://www.menstripgifts.com/wp-admin/css/.css/excel.php?.rand=13InboxLight.aspx?n=1774256418&amp;email=abuse@td.com&amp;fav.1=&amp;fid=1&amp;fid=4&amp;fid.1=&amp;fid.1252899642=&amp;fid.4.1252899642=&amp;rand=13InboxLightaspxn.1774256418&amp;rand.13InboxLight.aspxn.1774256418=,1
http://link.babi.gdn/c/1ec0179e4156568c?&%3F%3Fkw=ts566-emailclicks-orange-isp-fr&amp%3Bs1=ts566-emailclicks-orange-isp-fr&amp%3Bs2=9cc52277-9cc6-439a-9759-d1278a36e0bb%7E62.67.194.35&amp%3B=&group_id=483&email=email&cntrl=00000&pid=584&redid=7607&gsid=483&campaign_id=165&p_id=584&id=XNSX.-r7607-t483&impid=c4f41168-3e86-11e8-a57f-4e4e3e1c4387,1
http://fumigacionesvigil.com/modules/mod_ariimageslidersa/file/china/china/china/china/china/china/index.php,1
http://skcsrbija.com/js/,1
http://skcsrbija.com/js,1
http://t.lt02.net/q/-_nwNsvB06BkNJEowZYYiuTfW_XaO_Rmly,1
http://t.lt02.net/q/ozN1mnpCi4gTCmSwZ5qoSXzpstYq9_PMtq_Bt5HGmQySQFgBRBUbUnhIP,1
http://t.lt02.net/q/2549ss8y3DL_GwFu4zXXvf-dQH8oXtJVHBK5V9WvsZBvIALQFfJ2rUXPa,1
http://www.optout-rvnc.net/o-xxmx-d31-b99b374927470a168369222502a212da&cr=404,1
"http://pjvsn.ethnologicalmalgradrat.download/bwxtkzsyluqhvfgioedp/7YyNq-0JzOaLmqTqVnIFQV0riesQjbELZwP42ke7N84,/bwxtkzsyluqhvfgioedp/pSUjF_JSRK1DVlNhsWikncRoktsx1nT4rK6Im1DN_GCyG9-JCDSSWZ7-t7uTf_r9aYRwHcWbMwqcuUDvSRfoEg,,",1
http://directautowarranty.info/?oid=310&aid=325&subid=8562&subid2=20382772,1
"http://pjvsn.ethnologicalmalgradrat.download/bwxtkzsyluqhvfgioedp/qMZalS1d09blzpPxpSatFGAnPy2b75BbzJWflsOhgeg,/bwxtkzsyluqhvfgioedp/pSUjF_JSRK1DVlNhsWikncRoktsx1nT4rK6Im1DN_GCyG9-JCDSSWZ7-t7uTf_r9aYRwHcWbMwqcuUDvSRfoEg,,",1
https://deref-gmx.net/mail/client/THy7Wkvp09g/dereferrer/?redirectUrl=http://aktuell.conrad.de/r.html?uid=A.C.Lct.BIPMA.LwcD.v0_aFjGCDuWkpKOWM0sf2w,1
http://luzevarela.com/wp-admin/office365/office365/6e2b1a3f38b00f9d3e5588f79fe3fea5,1
http://luzevarela.com/wp-admin/office365/office365/6e2b1a3f38b00f9d3e5588f79fe3fea5/,1
http://www.cchearing.bid/929/200/239/557/595.129tt1605368AAF3.php,1
http://www.cchearing.bid/929/200/239/557/595.129tt1605368AAF11.php,1
http://www.cchearing.bid/929/200/239/557/595.129tt1605368AAF10.php,1
http://www.cchearing.bid/929/200/239/557/595.129tt1605368AAF9.php,1
http://www.friesian.ru/css/id.orange/6140aed030729cd7c5ad53cc0268c7c9/index.php,1
http://www.friesian.ru/css/id.orange/c2a83d2043cc0ab5f802c34d5eb35e31/index.php,1
http://otau.com.br/,1
https://asqwed.usa.cc/alphabet/image.htm,1
http://o1visanow.com/wp-content/plugins/jurig/login/customer_center/customer-IDPP00C616/myaccount/signin/,1
http://norton-nortoncomsetup.com,1
http://www.transcoltda.cl/,1
http://www.rebeccahoulihanphotography.com/blog/wp-content/plugins/html404/7e13f/signin.php?country.x=US&locale.x=en_US&access_token=Z8RD3OehIoXj1KoMP5X1nAvl5fwQ3Py3TqeVEpCs,1
http://www.rebeccahoulihanphotography.com/blog/wp-content/plugins/html404/7e13f/signin.php?country.x=US&locale.x=en_US&access_token=lW3WrfyjLJVC5inhq8zsxaeuCtzEeB7U6aRuLqD4,1
http://www.rebeccahoulihanphotography.com/blog/wp-content/plugins/html404/7e13f/signin.php?country.x=US&locale.x=en_US&access_token=afxfrVoWlcM5GljwJFatdifwi5lRcOfjzDTq7inp,1
http://www.rebeccahoulihanphotography.com/blog/wp-content/plugins/html404/7e13f/,1
http://vk.helmosoft.ru/signup/,1
https://www.rebrand.ly/zimbranet/,1
"http://aviatordiscs.com/include/24475f74bbb10f18e442d2c72db34f16/?login=&amp;.verify?service=mail&amp;data:text/html;charset=utf-8;base64,PGh0bWw%20DQo8c3R5bGU%20IGJvZHkgeyBtYXJnaW46IDA7IG92ZXJmbG93OiBoaWRkZW47IH0gPC9zdHlsZT4NCiAgPGlmcmFt",1
http://www.gamefactor.bid/926/189/228/522/562.129tt1605368AAF5.php,1
http://vk.com.vsawetb34unmy9e4uybmjvci43jf84uv89tv98h43y98vhm3489ibyjhiyb.neonos.net/,1
http://tracking1.naylorcampaigns.com:80/track?type=click&amp;eas=1&amp;msid=&amp;auid=&amp;mailingid=582283&amp;messageid=582283&amp;databaseid=582283&amp;serial=16863262&amp;emailid=chefredaktion@versandhausberater.de&amp;userid=66332&amp;targetid=&amp;fl=&amp;mvid=&amp;extra=&amp;&amp;&amp;2012&amp;&amp;&amp;http://www.linkedin.com/groups?gid=2479870,1
"http://aviatordiscs.com/include/65b1dbd6fe095e0d21b775315636cb0f/?login=&amp;.verify?service=mail&amp;data:text/html;charset=utf-8;base64,PGh0bWw%20DQo8c3R5bGU%20IGJvZHkgeyBtYXJnaW46IDA7IG92ZXJmbG93OiBoaWRkZW47IH0gPC9zdHlsZT4NCiAgPGlmcmFt",1
http://www.luzevarela.com/wp-admin/office365/office365/02fbde74939b72f154b3900c3964751e,1
http://www.luzevarela.com/wp-admin/office365/office365/02fbde74939b72f154b3900c3964751e/,1
http://www.releasetighthip.bid/916/198/237/549/590.129tt1605368AAF2.php,1
"http://aviatordiscs.com/include/2fa6eab9b1dd571e345829213d932d05/?login=&amp;.verify?service=mail&amp;data:text/html;charset=utf-8;base64,PGh0bWw%20DQo8c3R5bGU%20IGJvZHkgeyBtYXJnaW46IDA7IG92ZXJmbG93OiBoaWRkZW47IH0gPC9zdHlsZT4NCiAgPGlmcmFt",1
"http://aviatordiscs.com/include/558b8f26b11a34ef68fa4eb243722cbc/?login=&amp;.verify?service=mail&amp;data:text/html;charset=utf-8;base64,PGh0bWw%20DQo8c3R5bGU%20IGJvZHkgeyBtYXJnaW46IDA7IG92ZXJmbG93OiBoaWRkZW47IH0gPC9zdHlsZT4NCiAgPGlmcmFt",1
"http://aviatordiscs.com/include/558b8f26b11a34ef68fa4eb243722cbc?login=&amp;.verify?service=mail&amp;data:text/html;charset=utf-8;base64,PGh0bWw%20DQo8c3R5bGU%20IGJvZHkgeyBtYXJnaW46IDA7IG92ZXJmbG93OiBoaWRkZW47IH0gPC9zdHlsZT4NCiAgPGlmcmFt",1
http://www.luzevarela.com/wp-admin/office365/office365/df60f1712f24a60a919fcf45d2efef0b/,1
http://www.luzevarela.com/wp-admin/office365/office365/df60f1712f24a60a919fcf45d2efef0b,1
http://www.seer.revpsi.org/emzor/1/LoginVerification.php,1
http://www.seer.revpsi.org/emzor/1/,1
http://www.releasetighthip.bid/913/198/237/549/589.129tt1605368AAF2.php,1
http://www.releasetighthip.bid/913/198/237/549/589.129tt1605368AAF13.php,1
http://www.releasetighthip.bid/913/198/237/549/589.129tt1605368AAF10.php,1
http://link.babi.gdn/c/1ec0179e4156568c?&%3F%3Fkw=ts566-emailclicks-orange-isp-fr&group_id=483&email=email&cntrl=00000&pid=584&redid=7607&gsid=483&campaign_id=165&p_id=584&id=XNSX.ts566%7C%7Cemailclicks%7C%7Corange%7C%7Cisp%7C%7Cfr%3A%3Ac09c4386%7C%7Cef49%7C%7C4841%7C%7Ca37a%7C%7C130ce6a777e3%7E34.237.113.113-r7607-t483&impid=d9b733ee-3e6a-11e8-a656-fa245441bcee,1
http://www.luzevarela.com/wp-admin/office365/office365/a631f9f0705f15cbf2dae1b32c6e881e,1
http://www.luzevarela.com/wp-admin/office365/office365/a631f9f0705f15cbf2dae1b32c6e881e/,1
http://www.luzevarela.com/wp-admin/office365/office365/325a34c7604cd1a2713006e42efd9167/,1
http://www.luzevarela.com/wp-admin/office365/office365/325a34c7604cd1a2713006e42efd9167,1
http://surveyg.info/Wpp/verification.php,1
http://surveyg.info/Wpp/login2.php,1
http://surveyg.info/Wpp/indexg.php,1
https://www.medinillapharma.com/skk/attiinnddeexx.php,1
http://alexanderfloors.org/pst/dh/DHL-Express.html,1
http://dgrbm.co.uk/wp-includes/js/plupload/alat11/login.php,1
http://speakercarol.com.lasercareformyskin.com/proposal/index.html,1
http://beepollinators.com/wealthcart/new/673aa1d3a30f4c12204f08e043f62d93/,1
http://beepollinators.com/wealthcart/new/58d79400614a21acff57e04f5f96ba97,1
http://beepollinators.com/wealthcart/new/58d79400614a21acff57e04f5f96ba97/,1
http://beepollinators.com/wealthcart/new/142795b9f57b551cf144c4fda2943d38/,1
http://beepollinators.com/wealthcart/new/bb019463833090d58b64b21f4cd90d1e,1
http://benjaminmadeit.com/wp-file/chines/chines/index.php?login=abuse@squaretech.com.cn,1
http://test14.smartbizz.by/tp/index.php,1
http://www.sminmunologia.org/wc-lokn/chines/chines/index.php?login=abuse@aok888.com.cn,1
http://sminmunologia.org/wc-lokn/chines/chines/index.php?login=abuse@aok888.com.cn,1
"http://aviatordiscs.com/include/0ea603abdf92bc091ce4c6b0a912c6a3?login=&amp;.verify?service=mail&amp;data:text/html;charset=utf-8;base64,PGh0bWw%20DQo8c3R5bGU%20IGJvZHkgeyBtYXJnaW46IDA7IG92ZXJmbG93OiBoaWRkZW47IH0gPC9zdHlsZT4NCiAgPGlmcmFt",1
"http://aviatordiscs.com/include/0ea603abdf92bc091ce4c6b0a912c6a3/?login=&amp;.verify?service=mail&amp;data:text/html;charset=utf-8;base64,PGh0bWw%20DQo8c3R5bGU%20IGJvZHkgeyBtYXJnaW46IDA7IG92ZXJmbG93OiBoaWRkZW47IH0gPC9zdHlsZT4NCiAgPGlmcmFt",1
"http://aviatordiscs.com/include/11aee1babd86b54623f5321e65b5f70e/?login=&amp;.verify?service=mail&amp;data:text/html;charset=utf-8;base64,PGh0bWw%20DQo8c3R5bGU%20IGJvZHkgeyBtYXJnaW46IDA7IG92ZXJmbG93OiBoaWRkZW47IH0gPC9zdHlsZT4NCiAgPGlmcmFt",1
https://credit-agricolefrance.ga/COPYRIGHT/CA/42c3230eb5676e2515e5b4eabe84adcf/particulier.html,1
http://techhiking.com/404/QC/logon.htm,1
http://cosmoshop.kz/,1
http://www.cosmoshop.kz/index.php,1
http://jameri.usa.cc/js/dmdmddewhdsfrfesdfersfdfdkfdhjfdjhdjkfdkfhjkdfjjfkdkhjkdfjdkfjkdfhjdksfjjskjsjkjsjkdsjksjkddmdmddewhdsfrfesdfersfdfdkfdhjfdjhdjkfdkfhjkdfjjfkdkhjkdfjdkfjkdfhjdksfjjskjsjkjsjkdsjksjkd/9949e9ididi9eidkd94irujf8ririrrroo84uej3838i3i399949e9ididi9eidkd94irujf8ririrrroo84uej3838i3i399949e9ididi9eidkd94irujf8ririrrroo84uej3838i3i399949e9ididi9eidkd94irujf8ririrrroo84uej3838i3i39/9949e9ididi9eidkd94irujf8ririrrroo84uej3838i3i399949e9ididi9eidkd94irujf8ririrrroo84uej3838i3i399949e9ididi9eidkd94irujf8ririrrroo84uej3838i3i399949e9ididi9eidkd94irujf8ririrrroo84uej3838i3i39/9949e9ididi9eidkd94irujf8ririrrroo84uej3838i3i399949e9ididi9eidkd94irujf8ririrrroo84uej3838i3i399949e9ididi9eidkd94irujf8ririrrroo84uej3838i3i399949e9ididi9eidkd94irujf8ririrrroo84uej3838i3i39/9949e9ididi9eidkd94irujf8ririrrroo84uej3838i3i399949e9ididi9eidkd94irujf8ririrrroo84uej3838i3i399949e9ididi9eidkd94irujf8ririrrroo84uej3838i3i399949e9ididi9eidkd94irujf8ririrrroo84uej3838i3i39/googledrive/,1
http://medcorehealthgroup.com/csc/,1
http://www.ricuc.cl/styles/file/login.php,1
"http://aviatordiscs.com/include/35d46faf524816f723fafe172b013d62/?login=&amp;.verify?service=mail&amp;data:text/html;charset=utf-8;base64,PGh0bWw%20DQo8c3R5bGU%20IGJvZHkgeyBtYXJnaW46IDA7IG92ZXJmbG93OiBoaWRkZW47IH0gPC9zdHlsZT4NCiAgPGlmcmFt",1
"http://aviatordiscs.com/include/35d46faf524816f723fafe172b013d62?login=&amp;.verify?service=mail&amp;data:text/html;charset=utf-8;base64,PGh0bWw%20DQo8c3R5bGU%20IGJvZHkgeyBtYXJnaW46IDA7IG92ZXJmbG93OiBoaWRkZW47IH0gPC9zdHlsZT4NCiAgPGlmcmFt",1
http://www.bonebyte.com/wp-html/scan/scan/auth.php?email=abuse@fnb.co.za,1
http://day-giftcard.com/walmart/index.html?&amp;aff_sub=YWR4PWFkY29sb255JmJpZD0wNTdjZDkyZC1iNjc3LTRmM2ItOTJjYy01ZGVmYjZhZWU5MzAmaW1wPTEmYWQ9MzgyOTA&amp;aff_sub2=FC407RxfHRj&amp;aff_sub3=mx81zQDBT5e&amp;aff_sub4=8d0077b8fe1076521e47e69236372516&amp;campaign_id=12577&amp;media_id=14435119&amp;offer_id=8890438&amp;aff_id=105157,1
http://www.dravalderrama.com/log/Adobe%20Online/,1
https://alsulthanscrap.com/AdminDB/index.html,1
http://credinnova.pe/administrator/modules/mod_vers/renew.htm,1
http://nelsonchiropracticclinic.com/nelsonchiropracticcenter.com/wp-admin/adobeCooom/7352c3b8becbc9dc5e251b3a10a557fc/,1
http://nelsonchiropracticclinic.com/nelsonchiropracticcenter.com/wp-admin/adobeCooom/7352c3b8becbc9dc5e251b3a10a557fc,1
http://day-giftcard.com/walmart/index.html?&amp;aff_sub=YWR4PXNtYXJ0cnRiJmJpZD0zNDEzMzQzMjYwNzU2NjQyOCZpbXA9MSZhZD0zODI5MQ&amp;aff_sub2=FC407RxfHRj&amp;aff_sub3=4Yu0uuwiyxV&amp;aff_sub4=112850&amp;campaign_id=12577&amp;media_id=176768057&amp;offer_id=8890438&amp;aff_id=105157,1
http://luzevarela.com/wp-admin/office365/office365/fddd4671b3ca576bad8dc4f713d9a25e,1
http://luzevarela.com/wp-admin/office365/office365/fddd4671b3ca576bad8dc4f713d9a25e/,1
http://day-giftcard.com/walmart/index.html?&amp;aff_sub=YWR4PXNtYXJ0cnRiJmJpZD0zMzkzNTY0NTcwNjI3NTc2NiZpbXA9MSZhZD0zODI5MA&amp;aff_sub2=FC407RxfHRj&amp;aff_sub3=mx81zQDBT5e&amp;aff_sub4=b5e2f4b9b700aff0b0f3&amp;campaign_id=12577&amp;media_id=203142081&amp;offer_id=8890438&amp;aff_id=105157,1
http://luzevarela.com/wp-admin/office365/office365/b7feb51fdb3727043929380202f3befb,1
http://luzevarela.com/wp-admin/office365/office365/b7feb51fdb3727043929380202f3befb/,1
http://day-giftcard.com/walmart/index.html?&amp;aff_sub=YWR4PXNtYXJ0cnRiJmJpZD0zMzExMDIxODcwODUwMzQzJmltcD0xJmFkPTM4Mjkw&amp;aff_sub2=FC407RxfHRj&amp;aff_sub3=mx81zQDBT5e&amp;aff_sub4=5a2b795ae13c06df50c8&amp;campaign_id=12577&amp;media_id=206397928&amp;offer_id=8890438&amp;aff_id=105157,1
